run,best_found,true_value,error,best_position
1,0.000769752194173634,0.0,0.000769752194173634,"[[0.008353497833013535], [-0.00558771938085556], [-0.01157834380865097], [-0.021466344594955444], [-0.00859573483467102]]"
1,2.353449821472168,0.0,2.353449821472168,"[[0.33576327562332153], [-0.8328072428703308], [1.1126573085784912], [0.5241187810897827], [-0.18557560443878174]]"
1,2.353449821472168,0.0,2.353449821472168,"[[0.33576327562332153], [-0.8328072428703308], [1.1126573085784912], [0.5241187810897827], [-0.18557560443878174]]"
1,43.389583587646484,0.0,43.389583587646484,"[[0.038332462310791016], [-2.746591091156006], [4.213991165161133], [3.768007755279541], [1.9719903469085693]]"
1,43.389583587646484,0.0,43.389583587646484,"[[0.038332462310791016], [-2.746591091156006], [4.213991165161133], [3.768007755279541], [1.9719903469085693]]"
1,43.389583587646484,0.0,43.389583587646484,"[[0.038332462310791016], [-2.746591091156006], [4.213991165161133], [3.768007755279541], [1.9719903469085693]]"
1,43.389583587646484,0.0,43.389583587646484,"[[0.038332462310791016], [-2.746591091156006], [4.213991165161133], [3.768007755279541], [1.9719903469085693]]"
1,0.17823009192943573,0.0,0.17823009192943573,"[[-0.07797157764434814], [0.031455907970666885], [0.4001757502555847], [-0.09933063387870789], [-0.033968180418014526]]"
