run,best_found,true_value,error,best_position
1,tensor(0.1457),0.0,tensor(0.1457),"[[0.10371402651071548, 0.020918529480695724], [0.010057459585368633, 0.09726039320230484]]"
1,tensor(0.1457),0.0,tensor(0.1457),"[[0.10371402651071548, 0.020918529480695724], [0.010057459585368633, 0.09726039320230484]]"
