run,best_found,true_value,error,best_position
1,7.503662109375,0.0,7.503662109375,"[[1.0192383527755737], [-1.016723394393921], [-1.0292612314224243], [-1.9689404964447021], [0.006549391895532608]]"
1,29.342052459716797,0.0,29.342052459716797,"[[2.0709228515625], [-0.8328072428703308], [1.1126573085784912], [0.9731712341308594], [0.6992249488830566]]"
1,29.342052459716797,0.0,29.342052459716797,"[[2.0709228515625], [-0.8328072428703308], [1.1126573085784912], [0.9731712341308594], [0.6992249488830566]]"
1,70.674560546875,0.0,70.674560546875,"[[0.038332462310791016], [-2.746591091156006], [4.213991165161133], [3.768007755279541], [1.9719903469085693]]"
1,70.674560546875,0.0,70.674560546875,"[[0.038332462310791016], [-2.746591091156006], [4.213991165161133], [3.768007755279541], [1.9719903469085693]]"
1,15.45992660522461,0.0,15.45992660522461,"[[3.034719467163086], [-0.9360778331756592], [0.9322009086608887], [-0.9838065505027771], [0.9412727952003479]]"
